{"IcoMoonType":"selection","icons":[{"icon":{"paths":["M554 384h236l-236-234v234zM682 682v-84h-128v-128h-84v128h-128v84h128v128h84v-128h128zM598 86l256 256v512c0 46-40 84-86 84h-512c-46 0-86-38-86-84l2-684c0-46 38-84 84-84h342z"],"attrs":[{}],"isMulticolor":false,"isMulticolor2":false,"tags":["note_add"],"grid":24},"attrs":[{}],"properties":{"order":1,"id":0,"prevSize":24,"code":59648,"name":"note_add"},"setIdx":0,"setId":2,"iconIdx":0},{"icon":{"paths":["M512 576l256-256h-192v-256h-128v256h-192zM744.726 471.272l-71.74 71.742 260.080 96.986-421.066 157.018-421.066-157.018 260.080-96.986-71.742-71.742-279.272 104.728v256l512 192 512-192v-256z"],"tags":["download","save","store","arrow"],"defaultCode":59744,"grid":16,"attrs":[]},"attrs":[],"properties":{"ligatures":"download, save","name":"download","order":6,"id":97,"prevSize":32,"code":59744},"setIdx":1,"setId":1,"iconIdx":96},{"icon":{"paths":["M448 576h128v-256h192l-256-256-256 256h192zM640 432v98.712l293.066 109.288-421.066 157.018-421.066-157.018 293.066-109.288v-98.712l-384 144v256l512 192 512-192v-256z"],"tags":["upload","load","arrow"],"defaultCode":59745,"grid":16,"attrs":[]},"attrs":[],"properties":{"ligatures":"upload, load","name":"upload","order":7,"id":98,"prevSize":32,"code":59745},"setIdx":1,"setId":1,"iconIdx":97}],"height":1024,"metadata":{"name":"icomoon"},"preferences":{"showGlyphs":true,"showQuickUse":true,"showQuickUse2":true,"showSVGs":true,"fontPref":{"prefix":"icon-","metadata":{"fontFamily":"icomoon"},"metrics":{"emSize":1024,"baseline":6.25,"whitespace":50},"embed":false,"autoHost":false},"imagePref":{"prefix":"icon-","png":true,"useClassSelector":true,"color":0,"bgColor":16777215,"classSelector":".icon"},"historySize":50,"showCodes":true,"gridSize":16,"quickUsageToken":{"UntitledProject":"YmZjNjVhMzA1NjZkZjljN2EzOGJkYWQzZDFkMGMwODgjMSMxNTUwMDk5OTI1IyMj"}}}